{
    "knn_accuracy": 0.4294595887135342,
    "lr_accuracy": 0.44428503108560496,
    "rf_accuracy": 0.4433285509325681,
    "svm_accuracy": 0.45528455284552843
}